{"cameraMode":{"drawMode":0,"name":"Shaded","section":"Shading Mode"},"sceneLighting":true,"audioPlay":false,"sceneViewState":{"showFog":true,"showMaterialUpdate":false,"showSkybox":true,"showFlares":true,"showImageEffects":true,"showParticleSystems":true},"in2DMode":false,"pivot":{"x":-25.97692108154297,"y":-8.92025375366211,"z":82.11673736572266},"rotation":{"x":-0.14811716973781587,"y":0.04359569773077965,"z":-0.006535651162266731,"w":-0.9879875183105469},"size":93.88848114013672,"orthographic":false}