{"cameraMode":{"drawMode":0,"name":"Shaded","section":"Shading Mode"},"sceneLighting":true,"audioPlay":false,"sceneViewState":{"showFog":true,"showMaterialUpdate":false,"showSkybox":true,"showFlares":true,"showImageEffects":true,"showParticleSystems":true},"in2DMode":false,"pivot":{"x":5.903785705566406,"y":11.007780075073243,"z":40.94769287109375},"rotation":{"x":-0.11681662499904633,"y":0.6680048704147339,"z":-0.1073291152715683,"w":-0.7270524501800537},"size":23.416099548339845,"orthographic":false}