{"cameraMode":{"drawMode":0,"name":"Shaded","section":"Shading Mode"},"sceneLighting":true,"audioPlay":false,"sceneViewState":{"showFog":true,"showMaterialUpdate":false,"showSkybox":true,"showFlares":true,"showImageEffects":true,"showParticleSystems":true},"in2DMode":false,"pivot":{"x":3.030557632446289,"y":9.143625259399414,"z":20.175785064697267},"rotation":{"x":-0.25685518980026247,"y":0.24514274299144746,"z":-0.06753113865852356,"w":-0.9324007034301758},"size":38.857730865478519,"orthographic":false}