{"cameraMode":{"drawMode":0,"name":"Shaded","section":"Shading Mode"},"sceneLighting":true,"audioPlay":false,"sceneViewState":{"showFog":true,"showMaterialUpdate":false,"showSkybox":true,"showFlares":true,"showImageEffects":true,"showParticleSystems":true},"in2DMode":false,"pivot":{"x":4.66026496887207,"y":1.0320971012115479,"z":14.565044403076172},"rotation":{"x":-0.07958075404167175,"y":0.9198561310768127,"z":-0.28788378834724429,"w":-0.2542787194252014},"size":6.862938404083252,"orthographic":false}