{"cameraMode":{"drawMode":0,"name":"Shaded","section":"Shading Mode"},"sceneLighting":true,"audioPlay":false,"sceneViewState":{"showFog":true,"showMaterialUpdate":false,"showSkybox":true,"showFlares":true,"showImageEffects":true,"showParticleSystems":true},"in2DMode":false,"pivot":{"x":0.2783498764038086,"y":1.8323240280151368,"z":17.58401870727539},"rotation":{"x":-0.05028054118156433,"y":0.5504454970359802,"z":-0.03323684632778168,"w":-0.8326946496963501},"size":14.74305248260498,"orthographic":false}