{"cameraMode":{"drawMode":0,"name":"Shaded","section":"Shading Mode"},"sceneLighting":true,"audioPlay":false,"sceneViewState":{"showFog":true,"showMaterialUpdate":false,"showSkybox":true,"showFlares":true,"showImageEffects":true,"showParticleSystems":true},"in2DMode":false,"pivot":{"x":-346.1922912597656,"y":-110.78742980957031,"z":109.73931121826172},"rotation":{"x":0.1296055018901825,"y":-0.6146369576454163,"z":0.10329326242208481,"w":0.7712056636810303},"size":407.4023742675781,"orthographic":false}