{"cameraMode":{"drawMode":0,"name":"Shaded","section":"Shading Mode"},"sceneLighting":true,"audioPlay":false,"sceneViewState":{"showFog":true,"showMaterialUpdate":false,"showSkybox":true,"showFlares":true,"showImageEffects":true,"showParticleSystems":true},"in2DMode":false,"pivot":{"x":-4.63913106918335,"y":3.3929603099823,"z":15.311491012573243},"rotation":{"x":-0.008015897125005722,"y":0.9875841736793518,"z":-0.05368797108530998,"w":-0.14743857085704804},"size":20.086252212524415,"orthographic":false}