{"cameraMode":{"drawMode":0,"name":"Shaded","section":"Shading Mode"},"sceneLighting":true,"audioPlay":false,"sceneViewState":{"showFog":true,"showMaterialUpdate":false,"showSkybox":true,"showFlares":true,"showImageEffects":true,"showParticleSystems":true},"in2DMode":false,"pivot":{"x":61.312103271484378,"y":-4.703454971313477,"z":26.943740844726564},"rotation":{"x":-0.10007625073194504,"y":-0.5769494771957398,"z":0.07150696963071823,"w":-0.8074700832366943},"size":108.76560974121094,"orthographic":false}