{"cameraMode":{"drawMode":0,"name":"Shaded","section":"Shading Mode"},"sceneLighting":true,"audioPlay":false,"sceneViewState":{"showFog":true,"showMaterialUpdate":false,"showSkybox":true,"showFlares":true,"showImageEffects":true,"showParticleSystems":true},"in2DMode":false,"pivot":{"x":1.9715304374694825,"y":2.4251868724823,"z":13.748617172241211},"rotation":{"x":-0.010005222633481026,"y":0.9111014008522034,"z":-0.022152280434966089,"w":-0.41146937012672427},"size":8.997477531433106,"orthographic":false}