{"cameraMode":{"drawMode":0,"name":"Shaded","section":"Shading Mode"},"sceneLighting":true,"audioPlay":false,"sceneViewState":{"showFog":true,"showMaterialUpdate":false,"showSkybox":true,"showFlares":true,"showImageEffects":true,"showParticleSystems":true},"in2DMode":false,"pivot":{"x":-3.536198616027832,"y":-10.519285202026368,"z":43.460384368896487},"rotation":{"x":-0.25948551297187807,"y":0.11181630939245224,"z":-0.030261095613241197,"w":-0.958778977394104},"size":57.525062561035159,"orthographic":false}