{"cameraMode":{"drawMode":0,"name":"Shaded","section":"Shading Mode"},"sceneLighting":true,"audioPlay":false,"sceneViewState":{"showFog":true,"showMaterialUpdate":false,"showSkybox":true,"showFlares":true,"showImageEffects":true,"showParticleSystems":true},"in2DMode":false,"pivot":{"x":4.001666069030762,"y":4.218653202056885,"z":13.027409553527832},"rotation":{"x":-0.0839754268527031,"y":0.916023850440979,"z":-0.27615824341773989,"w":-0.27854663133621218},"size":0.6663659811019898,"orthographic":false}