{"cameraMode":{"drawMode":0,"name":"Shaded","section":"Shading Mode"},"sceneLighting":true,"audioPlay":false,"sceneViewState":{"showFog":true,"showMaterialUpdate":false,"showSkybox":true,"showFlares":true,"showImageEffects":true,"showParticleSystems":true},"in2DMode":false,"pivot":{"x":-2.330533981323242,"y":-4.954670429229736,"z":42.459529876708987},"rotation":{"x":-0.23049262166023255,"y":0.15884332358837129,"z":-0.03816609084606171,"w":-0.9592666029930115},"size":84.8485107421875,"orthographic":false}