{"cameraMode":{"drawMode":0,"name":"Shaded","section":"Shading Mode"},"sceneLighting":true,"audioPlay":false,"sceneViewState":{"showFog":true,"showMaterialUpdate":false,"showSkybox":true,"showFlares":true,"showImageEffects":true,"showParticleSystems":true},"in2DMode":false,"pivot":{"x":-2.2418930530548097,"y":1.5724010467529297,"z":10.038524627685547},"rotation":{"x":-0.05436386540532112,"y":0.9447951912879944,"z":-0.2481108456850052,"w":-0.20700997114181519},"size":14.07534122467041,"orthographic":false}