{"cameraMode":{"drawMode":0,"name":"Shaded","section":"Shading Mode"},"sceneLighting":true,"audioPlay":false,"sceneViewState":{"showFog":true,"showMaterialUpdate":false,"showSkybox":true,"showFlares":true,"showImageEffects":true,"showParticleSystems":true},"in2DMode":false,"pivot":{"x":-2.1123905181884767,"y":2.248469352722168,"z":47.04436492919922},"rotation":{"x":-0.1741044670343399,"y":0.2358529418706894,"z":-0.04299337416887283,"w":-0.9550991058349609},"size":64.83841705322266,"orthographic":false}